Threat,Reason,Evidence,Strength of evidence,Reason: Accuracy/Logic,Reason: Relevance to the species,Evidence: Accuracy,Evidence: Relevance,Strength: Accuracy,Comments
1.1 Residential areas,BECAUSE urban and peri-urban residential development occurs throughout the Maracaibo hydrographic basin within the endemic range of P. yepezi;,"Urban and peri-urban residential development occurs within the Maracaibo basin, the endemic range of P. yepezi, as confirmed by the IUCN Red List assessment explicitly listing 'industrial and urban development' as a threat to the species (Lasso-Alcalá et al. 2025) and by USGS Landsat documentation of expanding urban footprint across the Maracaibo basin between 1986 and 2014 (EROS Center 2014). [1][2]",***,,,,,,
,"AND urban and peri-urban development along Maracaibo basin river shores causes riparian vegetation clearance and riverbank modification, resulting in loss of shallow marginal habitat for P. yepezi;","Residential and urban development removes riparian vegetation and modifies riverbanks through clearing, tidying, and hardening (Strayer & Findlay 2010), a process demonstrated in Venezuelan streams to eliminate woody debris and degrade fish habitat (Wright & Flecker 2004), with riparian zone loss broadly shown to impair the shallow marginal habitat structure on which freshwater fish depend (Pusey & Arthington 2003). [3][4][5]",**,,,,,,
,"AND riparian vegetation clearance from urban development eliminates structurally complex benthic habitat (woody debris, muddy marginal zones) critical for P. yepezi foraging and shelter, causing habitat degradation;","Riparian vegetation clearance eliminates coarse woody debris and reduces benthic structural complexity in freshwater shore zones (Strayer & Findlay 2010), experimentally demonstrated in Venezuelan streams to markedly reduce fish abundance (Wright & Flecker 2004), and shown in tropical rivers to alter stream bottom structure and fish functional assemblage composition via deforestation (Leitão et al. 2017); Potamotrygonidae, including close relatives of P. yepezi, are predominantly benthic invertebrate foragers (Jacobsen & Bennett 2013), confirming that loss of structurally complex benthic habitat constitutes critical foraging and shelter habitat degradation for P. yepezi. [3][4][6][7]",**,,,,,,
,AND loss of benthic shallow-water habitat from urban riparian development causes continuing decline in habitat quality and area within P. yepezi's restricted Maracaibo basin range (implied).,"The IUCN Red List assessment infers ≥60% population reduction over three generations for P. yepezi attributed to habitat degradation including from urban development within its restricted Maracaibo basin range (Lasso-Alcalá et al. 2025), consistent with regional evidence that urbanization is a primary driver of continuing freshwater fish habitat decline across South America (Reis et al. 2016). [8][9]",***,,,,,,
,"AND BECAUSE urban residential areas in the Maracaibo basin discharge large volumes of untreated domestic sewage directly into tributaries occupied by P. yepezi, causing ecosystem degradation;","Approximately 5,000 L/s of raw sewage is discharged into the Maracaibo basin with only 1 of 23 wastewater treatment plants operational (Cubillos & Arráez 2023), confirmed by direct sewage discharge from the city of Maracaibo into the basin's waters (Marín et al. 2021), with urban development explicitly identified as a threat causing habitat degradation for P. yepezi (Lasso-Alcalá et al. 2025). [8][10][11]",**,,,,,,
,"AND untreated domestic sewage increases biological oxygen demand and promotes eutrophication through nutrient enrichment, causing toxic cyanobacterial blooms and hypoxic benthic conditions that degrade the bottom-water habitat of P. yepezi;","Sewage nutrient loading drives eutrophication and creates anoxic benthic conditions lethal to benthic animals (Strayer & Findlay 2010); in Lake Maracaibo specifically, sewage-driven nutrient enrichment causes cyanobacterial blooms that deplete oxygen, generate dead zones, and cause fish mortality (Cubillos & Arráez 2023), with heavy nutrient and pollutant loads from sewage creating high ecological risk in benthic sediments (Marín et al. 2021). [3][10][11]",**,,,,,,
,"AND hypoxic and chemically toxic benthic conditions from sewage enrichment reduce habitat quality within P. yepezi's restricted range, contributing to continuing decline in habitat quality;","Lake Maracaibo's benthic sediments constitute a 'latent toxicity hazard for native biological communities' with high potential ecological risk to benthic biota (Marín et al. 2021); the K-strategist life history of Potamotrygon stingrays makes them highly vulnerable to such degraded benthic conditions (Barbosa et al. 2025), and P. yepezi is inferred to have undergone ≥60% population decline over three generations partly attributable to combined habitat degradation including urban sources (Lasso-Alcalá et al. 2025). [1][11][12]",**,,,,,,
,"ALTHOUGH the largest urban centres in the Maracaibo basin are located on the shores of the brackish Lake Maracaibo itself, which P. yepezi does not inhabit as a strictly freshwater species, potentially limiting direct physical urban development impacts on the species' core freshwater river habitats;","P. yepezi is confirmed as a strictly freshwater species occupying tributary rivers rather than the lake body (Lasso-Alcalá et al. 2025), and Lake Maracaibo itself is a brackish estuarine system with pronounced salinity stratification and tidal marine intrusion (Laval et al. 2005), indicating a spatial mismatch between major lakeside urban centres and the species' actual freshwater river habitats. [8][13]",***,,,,,,
,"HOWEVER P. yepezi's freshwater tributary habitats flow through or adjacent to populated urban zones that contribute riparian disturbance and sewage, and the IUCN assessment explicitly recognizes urban development as an active threat to the species throughout its range.","Urban development is explicitly listed as an active threat to P. yepezi throughout its range (Lasso-Alcalá et al. 2025), with towns along basin tributaries discharging untreated sewage into the Chama, Escalante, and Catatumbo rivers (Cubillos & Arráez 2023), the Albarregas River (Chama tributary) showing severe oxygen depletion and coliform contamination from Mérida city wastewater (Prato et al. 2019), and Water Quality Index values dropping from >80 (good) to <50 (poor) through urban reaches of Chama basin tributaries (Mayorga et al. 2017). [8][10][14][15]",**,,,,,,
2.1 Annual & perennial non-timber crops,"BECAUSE agricultural land use in the Maracaibo basin catchment generates nutrient-rich fertilizer runoff and organochlorine pesticide drainage into the rivers occupied by P. yepezi, causing water quality deterioration;","Agricultural nutrient and agrochemical runoff occurs in the rivers of the Maracaibo basin occupied by P. yepezi, with measurable total nitrogen (avg 1.20 mg/L) and phosphorus (avg 0.84 mg/L) recorded in ten major tributary rivers (Rivas et al., 2009), agricultural chemical contamination documented in the Catatumbo River (Ledo et al., 2006), and agrochemical runoff identified as a contributor to habitat quality decline across the species' range (Lasso-Alcalá et al., 2025; Carrillo, 2023). [1][16][17][18]",**,,,,,,
,AND agricultural activity in the Maracaibo basin catchment is sufficiently extensive that organochlorine pesticides have been detected in all major rivers of the basin and nutrient runoff from large catchment areas drives recurring large-scale toxic cyanobacteria blooms with basin-wide impacts;,"Agricultural pollution in the Maracaibo basin is sufficiently extensive that organochlorine pesticides are detected in all rivers of the basin (Lasso-Alcalá et al., 2025), 58.3% of lake sampling sites show 'very high level' toxic element enrichment with high ecological risk across all sub-zones (Marín et al., 2021), quantitative nitrogen and phosphorus loads in the lower Catatumbo River confirm basin-wide nutrient enrichment of agricultural origin (Ávila et al., 2007), and widespread agricultural pollution impacts are corroborated across the system (Cubillos & Arráez, 2023; Carrillo, 2023). [1][10][11][16][19]",**,,,,,,
,"AND nutrient enrichment from agricultural runoff drives eutrophication, triggering recurrent explosive toxic cyanobacteria ('verdín'/Microcystis) blooms in the rivers and lake margins throughout P. yepezi's range;","Agricultural nutrient enrichment drives eutrophication and cyanobacteria bloom formation: anthropogenic agricultural activities are primary drivers of cHAB formation in freshwater systems (Igwaran et al., 2024), high nutrient loads from Maracaibo tributary rivers are directly linked to eutrophication throughout the lake system (Rivas et al., 2009), and recurrent Microcystis ('verdín') blooms in the Maracaibo basin are attributed to agricultural nutrient runoff (Carrillo, 2023; Cubillos & Arráez, 2023). [10][16][17][20]",**,,,,,,
,"AND decomposition of cyanobacteria bloom biomass and release of cyanotoxins depletes dissolved oxygen and creates hypoxic dead zones in affected river margins and lake-adjacent habitats, causing recurring mass mortality of aquatic organisms including fish;","Cyanobacteria bloom decomposition depletes dissolved oxygen and creates hypoxic dead zones causing mass fish mortality: bloom decomposition fuels oxygen depletion through microbial respiration (Smith, 2003), severe cyanobacterial blooms directly coincide with deep-water hypoxia in freshwater systems (Smucker et al., 2021), fish are among the most hypoxia-sensitive taxa and their mortality is the first consequence of hypoxic events (Vaquer-Sunyer & Duarte, 2008), and Maracaibo basin blooms are directly linked to dissolved oxygen depletion, cyanotoxin release, and mass fish kills (Carrillo, 2023; Cubillos & Arráez, 2023). [10][16][21][22][23]",**,,,,,,
,"AND hypoxic and cyanotoxin-enriched conditions render previously occupied riverine and lake-adjacent habitats unsuitable for P. yepezi, degrading habitat quality throughout the basin;","Hypoxic and cyanotoxin-enriched conditions render habitats unsuitable for P. yepezi: fish emigrate from habitats when dissolved oxygen drops below ~4 mg/L (above the conventional hypoxia threshold), making bloom-affected benthic areas physiologically unsuitable for bottom-dwelling species (Vaquer-Sunyer & Duarte, 2008), cyanotoxin exposure independently degrades habitat suitability through direct physiological impacts on fish (Igwaran et al., 2024), and eutrophication and pesticide contamination are identified as major drivers of ongoing habitat quality decline across P. yepezi's range (Lasso-Alcalá et al., 2025). [1][20][22]",**,,,,,,
,"AND the compounding effects of agricultural-driven nutrient enrichment, pesticide contamination, and eutrophication have caused a continuing decline in the quality of freshwater habitat throughout P. yepezi's entire restricted range in the Maracaibo basin.","A continuing decline in freshwater habitat quality throughout P. yepezi's entire restricted Maracaibo basin range is documented: Lasso-Alcalá et al. (2025) identify agricultural expansion, eutrophication, and pesticide contamination as drivers of ongoing habitat quality decline (criterion A2c); Barbosa et al. (2025) confirm Potamotrygoninae stingrays are confined to heavily anthropogenically impacted systems with potentially severe biological consequences; Marín et al. (2021) provide basin-wide quantitative evidence of high ecological risk from toxic element contamination across all lake sub-zones; and widespread pollution-driven habitat degradation across the system is corroborated by Carrillo (2023) and Cubillos & Arráez (2023). [1][10][11][12][16]",**,,,,,,
,"AND BECAUSE agricultural land conversion in the Maracaibo basin catchment removes riparian and upland vegetation, increasing erosion-driven sediment delivery to rivers and causing progressive siltation of the shallow sandy and muddy benthic habitats used by P. yepezi;","Agricultural deforestation in the Maracaibo basin catchment — including the Motatán, Catatumbo, and Apón/Santa Ana sub-basins — has removed 88% of original dry forest extent (Portillo-Quintero et al. 2012); loss of riparian vegetation from agricultural encroachment is mechanistically linked to increased terrestrial sediment delivery and progressive siltation of freshwater fish benthic habitats (Pusey & Arthington 2003; Kjelland et al. 2015). [1][5][10][24][25]",**,,,,,,
,"AND accumulated agricultural sediments smother the sandy and muddy substrate patches that P. yepezi depends upon, reducing the functional area of suitable benthic habitat within river systems;","Potamotrygon species are obligately dependent on loose, unconsolidated sandy or muddy substrate for burying behaviour (Seamone & Syme 2021), and accumulated fine sediments smother such benthic substrates, eliminate interstitial space, and degrade habitat quality for bottom-dwelling fish (Kjelland et al. 2015) while also severely altering benthic macroinvertebrate communities that constitute the prey base (Mulat & Mekoya 2024), collectively reducing the functional area of suitable benthic habitat. [1][10][25][26][27]",**,,,,,,
,AND siltation-driven smothering of benthic substrates by agricultural erosion has contributed to an ongoing decline in the area and extent of suitable habitat available to P. yepezi within the restricted Maracaibo basin. (implied).,"Lasso-Alcalá et al. (2025) apply IUCN criterion A2c to P. yepezi, recognising a continuing decline in habitat extent and quality across the species' restricted range from anthropogenic drivers including agriculture; sustained agricultural-driven deforestation over 25 years in the key Maracaibo sub-basins (Portillo-Quintero et al. 2012) and the cumulative long-term degradation of freshwater fish habitat through progressive sediment input following riparian loss (Pusey & Arthington 2003) are consistent with an ongoing decline in the area of suitable benthic habitat available to P. yepezi. [1][5][10][24]",**,,,,,,
3.1 Oil & gas exploration & extraction,BECAUSE petroleum extraction infrastructure across the Maracaibo basin causes chronic contamination of river water and benthic sediments with petroleum hydrocarbons through frequent spills and leaks from aging pipeline networks;,"Chronic petroleum hydrocarbon contamination from deteriorating pipeline infrastructure is documented throughout the Lake Maracaibo basin and its river systems, with oil spills and leaks explicitly identified as a driver of habitat degradation across P. yepezi's range (Lasso-Alcalá et al., 2025; Cubillos & Arráez, 2023; Gutiérrez Torres, 2016; Radwin, 2023; Otis, 2023; Åslund & Beckwith, 1999). [1][10][28][29][30][31]",**,,,,,,
,"AND oil and gas extraction in the Maracaibo basin is of exceptional scale, with over 24,000 km of aging petroleum infrastructure generating reported 15–30 oil spills per day throughout the basin and its river systems;","The Maracaibo basin contains over 28,000 km of pipelines (approximately 22,000 km inactive and corroded), with an estimated 500–1,000 barrels of crude spilled daily, three to five spill events per day, and 31 recorded incidents in Zulia state alone in 2022 — the highest of any Venezuelan state (Chávez Alava, 2023; Pelcastre, 2023; Radwin, 2023; Otis, 2023; Lasso-Alcalá et al., 2025; Cubillos & Arráez, 2023; Åslund & Beckwith, 1999). [1][10][29][30][31][32][33]",**,,,,,,
,"AND petroleum hydrocarbon contamination of sediments and water degrades the quality of muddy and sandy benthic substrates that P. yepezi depends upon for foraging, resting, and reproduction, constituting habitat degradation throughout the occupied basin;","Petroleum hydrocarbon contamination degrades the soft benthic substrates upon which P. yepezi depends for foraging — potamotrygonid stingrays excavate buried prey from sandy and muddy bottoms using specialised sensory and behavioural adaptations (Garrone-Neto & Sazima, 2009; Shibuya et al., 2010; Moro et al., 2012), and petroleum hydrocarbons experimentally reduce benthic invertebrate prey abundance in freshwater sediments (Anson et al., 2008), with oil pollution explicitly identified as a driver of habitat quality decline across the species' range (Lasso-Alcalá et al., 2025; Barbosa et al., 2025). [1][12][34][35][36][37]",**,,,,,,
,"AND degraded benthic habitat from petroleum hydrocarbon contamination exposes P. yepezi to lethal and sublethal physiological stress through contaminant bioaccumulation, increasing individual mortality and reducing fitness;","Elasmobranchs exposed to petroleum-derived PAHs exhibit measurable sublethal physiological effects including induced CYP1A1 biotransformation activity (Walker, 2011), Potamotrygon stingrays bioaccumulate pollutants with potential lethal and sublethal consequences (Barbosa et al., 2025), pollution threats to chondrichthyans are systematically underestimated relative to actual exposure (Consales & Marsili, 2021), and oil pollution is identified as a driver of population-level decline in P. yepezi (Lasso-Alcalá et al., 2025). [1][12][38][39]",**,,,,,,
,AND increased mortality and reduced fitness from oil contaminant exposure contribute to the ongoing population reduction of at least 60% over three generation lengths inferred for P. yepezi under IUCN criterion A2c.,"Lasso-Alcalá et al. (2025) infer a ≥60% population reduction over ~29 years (three generation lengths) for P. yepezi under IUCN criterion A2c, with oil pollution-driven habitat degradation as a contributing cause; Mojica et al. (2012) had previously listed the species as Vulnerable in Colombia, establishing a historical baseline of progressive decline. [1][40]",**,,,,,,
,"AND BECAUSE oil contamination from petroleum extraction renders benthic habitats chronically unsuitable, reducing the effective spatial extent of habitable areas within P. yepezi's already restricted range;","Petroleum-associated toxic elements contaminate 53.8% of Lake Maracaibo sediment sites at 'very high' levels (Marín et al., 2021), ~50,000 oil spills occurred in the basin between 2010–2016 (Pelcastre, 2023), petroleum hydrocarbons experimentally degrade freshwater benthic communities (Anson et al., 2008), Lake Maracaibo's chronic oil contamination poses persistent remediation challenges (Gundlach et al., 2001), Potamotrygoninae stingrays occupy heavily contaminated systems with unknown survival impacts (Barbosa et al., 2025), and oil pollution is identified as a driver of habitat quality decline across P. yepezi's range (Lasso-Alcalá et al., 2025; Gutiérrez Torres, 2016). [1][10][11][12][28][33][37][41]",**,,,,,,
,AND the reduction in extent of habitable benthic areas caused by oil contamination constitutes an ongoing decline in the area and extent of habitat available to P. yepezi across its restricted range. (implied).,"Lasso-Alcalá et al. (2025) apply criterion A2c explicitly linking oil-driven habitat decline to ongoing population reduction in P. yepezi; petroleum contamination spans multiple basin zones with >50% of sites at very high contamination levels (Marín et al., 2021); oil spill frequency is increasing (73 events in 2021 to 86 in 2022; Pelcastre, 2023); mass fish mortality and collapse of benthic-dependent fisheries are documented basin-wide (Cubillos & Arráez, 2023); and decades of cumulative oil-industry degradation establish the long-term progressive trajectory of habitat shrinkage (Gutiérrez Torres, 2016). [1][10][11][28][33]",**,,,,,,
4.3 Shipping lanes,"BECAUSE dredging of navigation channels for oil tanker access in the Lake Maracaibo system (from the 1930s–1950s onwards) increased marine water inflow, causing saltwater intrusion and progressive salinization of lower river reaches previously occupied by P. yepezi;","Navigation channel dredging for oil tanker access in the Lake Maracaibo system began in 1938, was progressively deepened to ~13.7 m by 1960–1963, and has been maintained by the Instituto Nacional de Canalizaciones since 1953, breaching the natural sandbar barrier and enabling marine saltwater intrusion into the previously freshwater-dominated system (Gundlach et al., 2001; Hu et al., 2003; Marín et al., 2021; McCammon, 1957; Lasso-Alcalá et al., 2025). [1][11][41][42][43]",***,,,,,,
,"AND the hydrological modification of the Lake Maracaibo system through repeated navigation channel deepening (since the 1930s–1950s) has been of sufficient magnitude to permanently alter salinity gradients in lower river reaches, converting substantial areas of previously freshwater habitat to brackish conditions;","Navigation channel deepening permanently altered salinity gradients across the Lake Maracaibo system, with salinity increasing ~300% in the southern lake and ~1,000% in the northern lake, driven by a permanent salt wedge introduced via the 100.6 km channel deepened from ~4 m to ~14 m, constituting an irreversible conversion of freshwater habitat to brackish conditions (Marín et al., 2021; Hu et al., 2003; Gundlach et al., 2001; McCammon, 1957; Lasso-Alcalá et al., 2025). [1][11][41][42][43]",***,,,,,,
,"AND salinization converts formerly suitable freshwater lower river reaches to brackish conditions intolerable to P. yepezi as an obligate freshwater species, constituting direct habitat loss within its restricted range;","Potamotrygon spp. possess an atrophied, non-functional rectal gland and cannot upregulate urea-based osmoregulation in brackish water (Thorson et al., 1978; Ip et al., 2009), and P. yepezi is confirmed as an obligate freshwater species absent from the brackish lake itself (Lasso-Alcalá et al., 2025), meaning salinization of lower river reaches constitutes direct loss of habitat intolerable to this species. [1][28][44][45][46]",***,,,,,,
,AND the conversion of lower river reaches to brackish conditions through saltwater intrusion has caused an ongoing decline in the area and extent of suitable freshwater habitat available to P. yepezi across its restricted range. (implied).,"Lasso-Alcalá et al. (2025) recognize an ongoing decline in habitat extent and quality for P. yepezi under criterion A2c, with salinization from navigation channel modifications identified as a continuing driver; Marín et al. (2021) confirm the salinity increase is a persistent, basin-wide process, and Cubillos & Arráez (2023) and Gutiérrez Torres (2016) document continued widespread environmental degradation across the Maracaibo system. [1][10][11][28]",**,,,,,,
,"AND BECAUSE salinization from navigation channel dredging eliminates freshwater habitat patches in lower river reaches, directly reducing the number of occupiable sites within P. yepezi's restricted distribution and its already small area of occupancy;","Navigation channel dredging at Lake Maracaibo since 1938 raised salinity by ~300% over 40 years (Gundlach et al., 2001; Marín et al., 2021; McCammon, 1957), and since P. yepezi is a strictly freshwater species restricted to the lower and middle sectors of 12 sub-basins below 180 m altitude (Lasso-Alcalá et al., 2025; Seriously Fish, 2012), this salinization directly eliminates occupiable freshwater habitat patches within its restricted distribution. [1][11][41][42][46]",**,,,,,,
,"AND the loss of freshwater habitat patches to salinization contributes to P. yepezi's already small area of occupancy (<2,000 km²), as confirmed by Colombia's 2012 national Red List assessment under criterion B2b(iii).","P. yepezi was assessed under IUCN criterion B2b(iii) in Colombia's national Red List with an estimated AOO below 2,000 km² and continuing decline in habitat quality (Mojica et al., 2002; IUCN, 2004), a restricted and fragmented distribution across 12 discrete freshwater sub-basins corroborated by Lasso-Alcalá et al. (2025). [1][40][47]",***,,,,,,
"5.4 Fishing, harvesting & controlling aquatic species","BECAUSE artisanal and commercial fishing in the Maracaibo basin targets P. yepezi through directed catch (for food consumption, medicinal liver oil extraction, and ornamental trade) and bycatch, directly increasing mortality of juveniles and adults through removal;","Directed fishing for food, medicinal liver oil, and the ornamental trade, as well as bycatch, are documented as primary removal pressures on P. yepezi in the Maracaibo basin and across Potamotrygonidae more broadly, with ~50% of global chondrichthyan catch taken as largely unmanaged bycatch and the family's low reproductive output amplifying the biological significance of each individual removed (Lasso-Alcalá et al., 2025; Araújo et al., 2004; Lucifora et al., 2017; Stevens, 2000; Charvet-Almeida et al., 2005). [1][48][49][50][51]",***,,,,,,
,"AND fishing pressure on P. yepezi in the Maracaibo basin has been sufficiently intense to produce a documented boom-and-bust collapse in regional landings, with catches rising from ~38 MT/yr (1983–1989) to a peak of ~837 MT/yr (2000–2009) before collapsing to ~89 MT/yr (2010–2019), accompanied by a declining frequency of large, mature individuals;","Catches of P. yepezi in the Maracaibo basin rose from ~38 MT/yr (1983–1989) to a peak of ~837 MT/yr (2000–2009) before collapsing ~90% to ~89 MT/yr (2010–2019), with a declining frequency of large, mature individuals, a pattern consistent with comparable empirical data showing 15–25% annual declines in heavily fished Potamotrygoninae populations and the well-documented pattern of serial depletion under sustained unmanaged chondrichthyan fishing effort (Lasso-Alcalá et al., 2025; Araújo et al., 2004; Lucifora et al., 2017; Stevens, 2000). [1][48][49][50]",***,,,,,,
,"AND increased mortality from directed fishing and bycatch has driven a population reduction of at least 60% over ~29 years (three generation lengths), evidenced by a fishery boom–bust pattern in the Maracaibo basin (catches averaging ~38 MT/yr in 1983–1989, peaking at ~837 MT/yr in 2000–2009, then collapsing to ~89 MT/yr in 2010–2019) and a declining frequency of large, mature individuals.","A population reduction of ≥60% in P. yepezi over ~29 years is inferred by Lasso-Alcalá et al. (2025) under IUCN criterion A2cde, corroborated by an earlier Vulnerable listing in Colombia (Mojica et al., 2012), empirically comparable 15–25% annual declines in heavily fished Potamotrygoninae (Lucifora et al., 2017), compounding mortality through capture-induced parturition in pregnant females (Rangel et al., 2020), fishing-driven declines across Potamotrygonidae (Araújo et al., 2004), and the established biological vulnerability of chondrichthyans—whose low rmax (median 0.26) means sustained fishing pressure rapidly produces large population reductions (Hutchings et al., 2012)—consistent with overfishing having halved global elasmobranch populations since 1970 (Dulvy et al., 2013; Dulvy et al., 2024). [1][40][48][49][52][53][54][55]",***,,,,,,
,"AND BECAUSE fishing capture stress triggers capture-induced parturition (premature birth or abortion) in potamotrygonid stingrays, occurring particularly rapidly in larger pregnant females carrying larger litters during late gestation;","Capture-induced parturition in potamotrygonid stingrays is confirmed experimentally in the congener P. amandae, with larger litter size and late gestation stage accelerating the event—and larger pregnant females being most vulnerable—while rays are significantly overrepresented among elasmobranchs experiencing this phenomenon and Potamotrygon spp. are explicitly documented as affected (Rangel et al., 2020; Adams et al., 2018). [52][56]",***,,,,,,
,"AND capture-induced parturition reduces reproductive success through premature pup mortality and can cause maternal mortality, thereby lowering recruitment and increasing effective adult mortality beyond direct catch removals;","Capture-induced parturition in elasmobranchs causes near-total pup mortality in Potamotrygon spp. regardless of developmental stage (Adams et al., 2018; Charvet-Almeida et al., 2005), significantly elevated maternal mortality with severe physiological stress responses (Wosnick et al., 2018), and sublethal capture stress produces impaired neonates with reduced growth and anti-predator behaviour (Finotto et al., 2021), collectively making the effective fishing-driven mortality larger than direct catch numbers suggest (Campbell et al., 2023). [51][56][57][58][59]",***,,,,,,
,"AND reduced reproductive success and elevated effective adult mortality from capture-induced parturition amplify fishing-driven population declines, contributing to the inferred population reduction of at least 60% over three generation lengths.","Lasso-Alcalá et al. (2025) infer a ≥60% population reduction in P. yepezi over ~29 years driven by overfishing; Mojica et al. (2012) document a prior Vulnerable listing showing progressive decline; and the species' K-strategist life history (~3 pups/litter; ~9.7-year generation length) means each fishing-induced reproductive failure has outsized population consequences, as confirmed across Potamotrygonidae (Araújo et al., 2004; Rangel et al., 2020; Finotto et al., 2021; Campbell et al., 2023). [1][40][48][52][58][59]",**,,,,,,
,"AND BECAUSE P. yepezi has a K-strategist life history characterised by low fecundity (~3 pups per litter), matrotrophic viviparity, and a generation length of ~9.7 years, resulting in a very low maximum intrinsic rate of population increase (rmax) that severely limits recovery capacity following fishing-driven depletion;","Potamotrygon congeners exhibit matrotrophic viviparity with low litter sizes (2–7 pups; Charvet-Almeida et al. 2005); chondrichthyans have significantly lower rmax than other vertebrates, with age at maturity as the primary negative correlate (Hutchings et al. 2012); empirical rmax values of 0.107–0.109 yr⁻¹ have been measured for similarly low-fecundity batoid rays (Barrowclift et al. 2024); and low fecundity combined with late maturation is shown to fundamentally constrain recovery capacity in batoids following depletion (Kyne et al. 2020). [51][54][60][61]",**,,,,,,
,"AND the very low rmax of P. yepezi means that even moderate fishing mortality rates exceed the population's capacity to recover, sustaining and deepening the documented population reduction of at least 60% over ~29 years;","P. yepezi's K-strategist life history is explicitly identified as amplifying fishing-pressure sensitivity leading to ≥60% population reduction (Lasso-Alcalá et al. 2025); obligate freshwater Potamotrygon species decline at 15–25% per year under fishing pressure in empirical studies (Lucifora et al. 2017); food fisheries are the primary population-reducing pressure across Potamotrygonidae (Araújo et al. 2004); and extinction risk is inversely correlated with rmax in chondrichthyans, meaning moderate ongoing fishing mortality is sufficient to sustain population reductions (Hutchings et al. 2012). [1][40][48][49][54]",**,,,,,,
,"ALTHOUGH Venezuela's severe economic crisis during the 2010s caused documented collapse in fishing effort across major national fisheries through fuel scarcity, fleet deterioration, and labour exodus;","Venezuela's sardine fishery fell from ~200,000 tons (2004) to below 50,000 tons annually through the post-2004 collapse period (Gómez Gaspar, 2018), regional chondrichthyan reconstructed catches declined by 40.2% from their 1992 peak with Venezuela among the leading catch nations (Talwar et al., 2022), and fuel scarcity and fleet deterioration severely curtailed artisanal fishing effort across Venezuela during the 2010s economic crisis (Graham, 2016). [62][63][64]",**,,,,,,
,"AND no standardized catch-per-unit-effort data were collected for the P. yepezi fishery, preventing definitive disentanglement of effort decline from population depletion based on raw landings alone;","Standardized CPUE data are essential for distinguishing effort decline from stock depletion (Grüss et al., 2019); chondrichthyan landings data quality in Venezuela is characterised as poor and taxonomically unresolved (Talwar et al., 2022); species-specific monitoring data are a documented knowledge gap for freshwater obligate elasmobranchs globally (Mather et al., 2023); and the absence of standardized CPUE monitoring is a recognised characteristic problem for South American freshwater stingray fisheries (Lucifora et al., 2017), collectively confirming that no standardized CPUE time-series exists for the P. yepezi artisanal fishery in the Maracaibo basin. [49][64][65][66]",**,,,,,,
,"HOWEVER, the documented decline in the frequency of large, mature individuals in P. yepezi catches provides effort-independent size-structure evidence of genuine population depletion;","The P. yepezi IUCN assessment documents a decline in the frequency of large, mature specimens in recent catches as an overexploitation indicator (Lasso-Alcalá et al., 2025); fishing is established to alter chondrichthyan size structure as abundance declines (Stevens, 2000); declining numbers of large individuals are recognised as effort-independent unsustainability markers in artisanal elasmobranch fisheries (Haque et al., 2021); and analogous size-structure declines in Potamotrygon spp. were confirmed as fishing-driven through effort-independent sampling (Lucifora et al., 2017). [1][49][50][67]",***,,,,,,
,"AND the catch collapse is explicitly documented to have occurred despite sustained demand, with historical trawl CPUE contrasted against current low abundance confirming long-term depletion predating the economic crisis.","The P. yepezi IUCN assessment explicitly documents that the catch collapse (~837 MT/yr to ~89 MT/yr) occurred despite sustained demand and contrasts historical trawl CPUE (~2 specimens/hour, 1968–1969) with current low abundance, confirming long-term depletion predating the 2010s crisis (Lasso-Alcalá et al., 2025); sustained demand for Potamotrygonidae across food, ornamental, and medicinal markets supports the inference that falling catches reflect stock collapse rather than market withdrawal (Araújo et al., 2004); regional chondrichthyan catch declines in the Western Central Atlantic primarily reflect overfishing rather than effort reduction (Talwar et al., 2022); and fishing-driven depletion in Potamotrygon spp. has been empirically confirmed independent of landings data (Lucifora et al., 2017). [1][48][49][64]",***,,,,,,
,"AND BECAUSE directed fishing for consumption selectively removes larger, more reproductively active P. yepezi individuals, causing a documented decline in the frequency of large mature specimens in Maracaibo basin catches and a resulting skewed age and size distribution in the surviving population;","Consumption fisheries in the Maracaibo basin selectively target large mature P. yepezi, with a documented declining frequency of large specimens in catch data (Lasso-Alcalá et al., 2025); preferential targeting of large individuals for meat is a documented pattern across Potamotrygonidae (Araújo et al., 2004), and directed fishing is empirically shown to truncate the size structure of Potamotrygon populations (Lucifora et al., 2017) and to alter size structure in chondrichthyans generally (Stevens, 2000). [1][48][49][50]",**,,,,,,
,"AND litter size in Potamotrygon freshwater stingrays is positively correlated with maternal body size, so selective removal of large females from the P. yepezi population causes reduced reproductive success;","Litter size is positively correlated with maternal body size in P. amandae (Rangel et al., 2020), and size-dependent fecundity has been empirically identified across multiple Potamotrygon species including P. henlei and P. motoro (Rincon et al., 2024), confirming that selective removal of large females from P. yepezi populations directly reduces population-level reproductive output. [52][68]",**,,,,,,
,"AND this reduced reproductive success, compounded by P. yepezi's K-strategy life history and low intrinsic rate of population increase, contributes to a continuing decline in population size.","Potamotrygoninae have low rmax and large-bodied species are most intrinsically susceptible to extinction (Vazquez & Lucifora, 2023); at high exploitation levels fecundity increasingly drives elasmobranch population growth rate (Frisk, 2002; Frisk et al., 2005), and slow life history elasmobranchs with rmax ~0.10 yr⁻¹ show strong population declines when fishing mortality exceeds rmax (Barrowclift et al., 2024; Quetglas et al., 2016; Lucifora et al., 2017), consistent with the ≥60% population reduction inferred for P. yepezi over three generation lengths (Lasso-Alcalá et al., 2025). [1][49][60][69][70][71][72]",**,,,,,,
7.2 Dams & water management/use,"BECAUSE dams and water management infrastructure in the Maracaibo basin create physical barriers within river networks and alter natural flow regimes, reducing dispersal and connectivity between habitat patches within and among river sub-basins occupied by P. yepezi;","Dams and weirs create physical barriers that fragment freshwater fish communities and reduce connectivity (Adams et al., 2025; Thieme et al., 2023), a mechanism particularly relevant to Potamotrygonidae whose population structure is shaped by drainage network connectivity (Frederico et al., 2012); hydroelectric damming is a primary driver of extinction risk for South American freshwater fish (Reis et al., 2016), and hydrological disruption from water management is identified as contributing to habitat degradation and population fragmentation for P. yepezi — a species restricted to freshwater tributaries absent from the brackish lake — in the Maracaibo basin (Lasso-Alcalá et al., 2025; Seriously Fish, 2012). [1][9][46][73][74][75]",**,,,,,,
,"AND hydrological modifications from dams and water management infrastructure in river sub-basins of the Maracaibo basin are of sufficient magnitude to reduce within-sub-basin connectivity for freshwater fish, as recognized in the IUCN assessment for P. yepezi and consistent with broad evidence that even modest barriers significantly fragment freshwater fish populations;","A 35-metre-high dam on the Motatán River (within P. yepezi's confirmed range) with no fish passage facility documents significant hydraulic infrastructure of sufficient magnitude within the species' occupied range (Terán et al., 2025; Seriously Fish, 2012); meta-regression confirms that even modest barriers significantly impede fish movement and fragment communities (Adams et al., 2025), fragmentation of this kind leads to population-level declines (Thieme et al., 2023), and hydrological disruption from water management is recognised as a contributing driver within the Maracaibo basin (Lasso-Alcalá et al., 2025). [1][46][73][74][76]",**,,,,,,
,"AND reduced dispersal and hydrological connectivity from water management infrastructure further exacerbates the severe fragmentation of P. yepezi populations, which are already isolated across 12 discrete river sub-basins separated by the brackish Lake Maracaibo;","P. yepezi is assessed as severely fragmented across isolated sub-basins of the Maracaibo basin (Lasso-Alcalá et al., 2025; Seriously Fish, 2012), formally recognised as Vulnerable (B2b(iii)) in Colombia based on this pattern (Libro Rojo, 2002); Potamotrygonidae population structure is shaped by drainage network connectivity so that reduced dispersal from water management barriers directly exacerbates fragmentation (Frederico et al., 2012), and river fragmentation is the principal driver of freshwater fish distribution change (Carvajal-Quintero et al., 2019). [1][40][46][75][77]",**,,,,,,
,ALTHOUGH major hydroelectric dam barriers are largely absent from the main stems of the rivers (Catatumbo and Escalante) constituting the primary occupied habitat of P. yepezi within the Maracaibo basin;,"The primary rivers occupied by P. yepezi (Catatumbo and Escalante) have no major hydroelectric dams on their main stems, with historical infrastructure modification in the lower Catatumbo focused on navigation dredging rather than dam construction (Lasso-Alcalá et al., 2025; Gundlach et al., 2001; Rivas et al., 2000). [1][41][78]",**,,,,,,
,"AND the only low-elevation dam in the basin (Embalse Agua Viva, ~129m, Motatán River) is positioned above the species' occupied downstream floodplain habitat, acting as an upstream boundary rather than as a within-range fragmenting barrier;","P. yepezi is restricted to below 180 m altitude in Maracaibo basin lowland floodplains (Lasso-Alcalá et al., 2025), and hydrological studies of the Motatán River place dam and reservoir infrastructure in the foothills transition zone above the alluvial plain occupied by the species downstream (Mejías et al., 2011; Suárez & Pacheco, 2008). [1][79][80][81]",**,,,,,,
,"HOWEVER the water management threat to P. yepezi encompasses non-dam infrastructure (levees, canalization, irrigation diversions, dredging) that operates directly within the species' occupied low-elevation range and alters hydrology therein;","The IUCN assessment explicitly identifies dams, reservoirs, dredging, and canals as threats to P. yepezi within its occupied low-elevation range (Lasso-Alcalá et al., 2025), corroborated by documentation of extensive non-dam water management infrastructure — including decades of navigation dredging on the lower Catatumbo and basin-wide canalization — operating directly within that range (Gundlach et al., 2001; Findikakis et al., 2001). [1][41][82]",***,,,,,,
,AND upstream dams and water extraction alter downstream flow regimes and degrade habitat for benthic freshwater fish even without a direct physical barrier within the species' occupied range.,"Downstream impacts of Neotropical dams including eliminated flood pulses can equal in-reservoir impacts on fish (Agostinho et al., 2008); reduced dry-season discharge from upstream abstraction was the principal driver of freshwater vertebrate range decline independent of physical barriers (Braulik et al., 2014); low-flow alteration restricts connectivity and degrades riverine fish habitat (Rolls et al., 2012); and altered flow seasonality in South American floodplain rivers restructures fish assemblages and reduces reproductive success (Espínola et al., 2025). [83][84][85][86]",**,,,,,,
,AND BECAUSE dams within the Maracaibo basin (including the Uribante-Caparo Complex and the planned Cínera dam on the Zulia River) alter natural flow volumes and sediment transport regimes in rivers supporting P. yepezi populations;,"Dam infrastructure within the Maracaibo basin—including the operational Agua Viva dam on the Motatán River (Peña et al., 2025) and proposed structures on the hydrologically significant Zulia River (CORPONOR, 2019)—is identified in the IUCN Red List assessment as altering hydrological regimes within P. yepezi's range (Lasso-Alcalá et al., 2025). [1][87][88]",**,,,,,,
,"AND dam impoundment in tropical rivers causes sediment trapping, downstream 'hungry water' bed erosion, substrate coarsening, and homogenisation of soft benthic microhabitats;","Low-latitude dams efficiently trap sediments and bed load, transforming downstream ecosystems including floodplains (Winton et al., 2019); Andean dam construction causes drastic alteration of river channel and floodplain geomorphology through interruption of sediment transport (Anderson et al., 2018); and dams in Neotropical rivers cause irreversible alterations to the natural hydrological regime affecting downstream habitat quality (Agostinho et al., 2008). [83][89][90]",**,,,,,,
,"AND P. yepezi is critically dependent on soft sandy and muddy benthic substrates for its burying behaviour used in foraging, camouflage, and resting, making it acutely sensitive to substrate homogenisation;","P. yepezi inhabits shallow turbid waters with muddy or sandy bottoms and buries itself in the substrate (Lasso-Alcalá et al., 2025), consistent with the genus-level pattern in which Potamotrygon species are functionally dependent on soft, unconsolidated benthic substrates for foraging and habitat use (Neto & Uieda, 2012). [1][91]",***,,,,,,
,AND the degradation of soft benthic substrate quality in rivers of the Maracaibo basin constitutes a decline in the quality of habitat available to P. yepezi.,"Habitat degradation from hydrological disruption is identified as contributing to P. yepezi's inferred ≥60% population reduction (Lasso-Alcalá et al., 2025); altered flow regimes mediate habitat condition changes that drive fish distribution and recruitment patterns (Rolls et al., 2012); and dam-induced alteration of sediment supplies and river dynamics represents a severe threat to endemic freshwater biota in Neotropical systems (Latrubesse et al., 2020). [1][85][92]",**,,,,,,
8.1 Invasive non-native/alien species,"BECAUSE introduced fish species (including tilapia Oreochromis spp., peacock bass Cichla spp., and tambaqui Colossoma) in the Maracaibo basin restructure native aquatic communities through predation on and competition with native fishes and invertebrates that form P. yepezi's prey base;","Introduced Cichla restructures native fish assemblages through direct predation (causing dramatic, cumulative prey depletion over decadal timescales) and invasive tilapia displaces native cichlids via interference competition (Franco et al., 2020; Guedes et al., 2024; Champneys et al., 2020), with Cichla orinocensis and C. temensis specifically introduced into the Maracaibo basin from 1965 onwards (Lasso-Alcalá et al., 2016). [93][94][95][96]",**,,,,,,
,"AND multiple invasive fish species—including tilapia (Oreochromis spp.), peacock bass (Cichla spp.), and tambaqui (Colossoma macropomum)—have become established in the Maracaibo basin at densities sufficient to restructure native fish assemblage composition;","Tilapia (Oreochromis spp.), peacock bass (Cichla spp.), and tambaqui (Colossoma macropomum) are established in the Maracaibo basin (Lasso-Alcalá et al., 2025; Lasso-Alcalá et al., 2016), with Cichla reaching relative abundances of up to 26% in invaded South American systems (Franco et al., 2020). [1][93][96]",**,,,,,,
,"AND restructuring of native fish and invertebrate communities by invasive species reduces the availability of benthic prey upon which P. yepezi forages, potentially reducing foraging success and individual fitness;","P. yepezi is an obligate benthic insectivore (>75% aquatic insects; Kolmann et al., 2022; IUCN, 2004; Moro et al., 2012; Jacobsen & Bennett, 2013), and invasive Cichla causes dramatic, sustained reductions in the abundance of native fish and benthic invertebrates that constitute this prey base (Franco et al., 2020; Guedes et al., 2024), a mechanism explicitly recognised as threatening P. yepezi in the Maracaibo basin (Lasso-Alcalá et al., 2025). [1][7][35][47][93][95][97]",**,,,,,,
,AND reduced prey availability and degraded foraging conditions resulting from invasive species-driven food web restructuring may contribute to the ongoing population decline of P. yepezi in the Maracaibo basin;,"P. yepezi is assessed as undergoing ongoing population decline across its range, with invasive species listed as a contributing threat (Lasso-Alcalá et al., 2025), and the species was assessed as Vulnerable (B2b(iii)) in Colombia based on documented continuing decline (Mojica et al., 2012). [1][40]",**,,,,,,
,ALTHOUGH no direct dietary overlap studies or prey availability assessments specific to P. yepezi in the presence of invasive species in the Maracaibo basin have been conducted;,"P. yepezi feeds on insect larvae (Castex & Castello, 1970; Froese & Pauly, 2025), a dietary strategy shared across the Potamotrygon lineage including the sister species P. magdalenae which relies predominantly on Chironomidae and Ephemeroptera (Ramos-Socha & Grijalba-Bendeck, 2011; Márquez-Velásquez et al., 2019; Moro et al., 2012), yet no direct dietary overlap study with invasive species has been conducted for P. yepezi in the Maracaibo basin (Lasso-Alcalá et al., 2025). [1][35][98][99][100][101]",**,,,,,,
,"AND the primary cited invasive top predator (Cichla) is predominantly piscivorous rather than insectivorous, with documented community restructuring impacts from other South American freshwater systems rather than the Maracaibo/Catatumbo basin;","Cichla diet in Venezuelan rivers is dominated by fish prey, with insects of only minor importance in juvenile size classes (Jepsen et al., 1997), and documented ecological impacts of Cichla on native fish assemblages across South America are derived from 62 sites outside the Maracaibo/Catatumbo basin (Franco et al., 2020). [93][102]",**,,,,,,
,"HOWEVER invasive tilapia (Oreochromis spp.), confirmed established in the Catatumbo River, are documented consumers of aquatic insect larvae that directly overlap with P. yepezi's known prey base;","Invasive tilapia (Oreochromis spp.) consume Chironomidae larvae as a documented food source (Wagaw et al., 2022) and compete with native invertebrate-feeding species for benthic invertebrate resources while degrading benthic insect larval habitat through bioturbation and macrophyte reduction (Vicente & Fonseca-Alves, 2013; Rasoamihaingo et al., 2023), directly overlapping with P. yepezi's known insect larvae prey base (Lasso-Alcalá et al., 2025). [1][103][104][105]",**,,,,,,
,"AND Cichla is confirmed established in the Catatumbo basin and has documented community-level restructuring effects on native fish assemblages in South American freshwater systems, supporting the biological plausibility of indirect cascading effects on P. yepezi's prey availability.","Cichla orinocensis is established in the lower Catatumbo River basin (Lasso-Alcalá et al., 2025), and Cichla introductions in South American freshwater systems cause temporally cumulative native fish assemblage restructuring (Franco et al., 2020; Pelicice & Agostinho, 2008), with impacts continuing to evolve over 70 years and producing dramatic cascading reductions in prey availability (Guedes et al., 2024), supporting the biological plausibility of indirect trophic effects on P. yepezi. [1][93][95][106]",**,,,,,,
9.1 Water-borne & other effluent pollution,"BECAUSE multi-source water-borne pollution in the Maracaibo basin—including petroleum hydrocarbons, organochlorine pesticides, and agricultural nutrient runoff—elevates aquatic toxicity and reduces dissolved oxygen availability, causing basin-wide deterioration of water and sediment quality;","Multi-source water-borne pollution—petroleum hydrocarbons, organochlorine pesticides, and nutrient runoff—co-occurs in the Maracaibo basin across P. yepezi's range, with 12 toxic elements confirmed in lake sediments attributable to industrial, fossil fuel, and agricultural inputs (Lasso-Alcalá et al., 2025; Marín et al., 2021; Barbosa et al., 2025; Consales & Marsili, 2021). [1][11][12][38]",**,,,,,,
,"AND effluent and water-borne pollution in the Maracaibo basin is of exceptional magnitude, with petroleum hydrocarbons from over 24,000 km of aging pipelines (15–30 reported spills per day), organochlorine pesticides detected in all major basin rivers, and eutrophication-driven cyanobacteria blooms causing recurring mass fish kill events throughout the system;","Pollution in the Maracaibo basin is of exceptional magnitude, with chronic oil contamination from aging infrastructure (~15 spills/year), organochlorines detected across all basin rivers, recurring cyanobacteria blooms causing mass fish kills and hypoxic dead zones, and sediment contamination classified as 'high potential ecological risk' across all lake zones (Lasso-Alcalá et al., 2025; Cubillos & Arráez, 2023; Carrillo, 2023; Marín et al., 2021; Briceño et al., 2025). [1][10][11][16][107]",**,,,,,,
,"AND the combined effects of petroleum hydrocarbon, pesticide, and nutrient pollution have caused a continuing decline in the quality of freshwater habitat across P. yepezi's entire restricted range in the Maracaibo basin.","Lasso-Alcalá et al. (2025) explicitly attribute a continuing decline in habitat quality across P. yepezi's entire restricted range to multi-source pollution (criterion A2c), corroborated by persistent toxic element contamination classified as a 'latent toxicity hazard' throughout Lake Maracaibo sediments, mercury in resident fish exceeding WHO limits, and documented ongoing oil- and bloom-driven degradation system-wide (Marín et al., 2021; Briceño et al., 2025; Cubillos & Arráez, 2023; Carrillo, 2023; Barbosa et al., 2025; Araújo et al., 2004; Consales & Marsili, 2021). [1][10][11][12][16][38][48][107]",**,,,,,,
,"AND BECAUSE spatially heterogeneous oil contamination and cyanobacteria-driven hypoxic and toxic episodes create impassable stretches of degraded habitat within river corridors, reducing permeability and connectivity for this obligate freshwater benthic species;","Cyanobacterial blooms create hypoxic and toxic episodes capable of causing fish mortality and rendering river stretches impassable (Igwaran et al., 2024); elevated N and P loads in the 10 P. yepezi-inhabited tributary rivers to Lake Maracaibo provide the eutrophication substrate driving these blooms (Rivas et al., 2009); and Potamotrygoninae stingrays' movement and behaviour are known to be impaired by anthropogenic habitat degradation occurring across multiple sub-basins of the species' range (Barbosa et al., 2025; Lasso-Alcalá et al., 2025). [1][12][17][20]",**,,,,,,
,"AND pollution-driven functional barriers within river systems exacerbate the severe fragmentation of P. yepezi's populations, which are already isolated across 12 discrete river sub-basins by the brackish Lake Maracaibo.","Severe fragmentation was formally recognised as a Red List qualifier for P. yepezi (Libro Rojo, 2012), with populations isolated across 10 discrete tributary sub-basins separated by the brackish Lake Maracaibo (Rivas et al., 2009); Lasso-Alcalá et al. (2025) confirm this severely fragmented distribution is compounded by ongoing pollution-driven habitat degradation, consistent with the documented vulnerability of Potamotrygoninae stingrays to anthropogenic freshwater degradation (Barbosa et al., 2025). [1][12][17][40]",**,,,,,,
,"AND BECAUSE recurrent cyanobacteria bloom events and contamination episodes periodically render entire sections of occupied rivers uninhabitable through hypoxia and cyanotoxin exposure, temporarily reducing the area of habitable conditions within P. yepezi's already small range;","Chronic nutrient overloading (phosphorus ~118× safe limits) in Maracaibo basin tributaries drives recurrent cyanobacterial blooms (Rivas et al., 2009); these blooms cause hypoxia through biomass decomposition and release cyanotoxins lethal to fish, creating dead zones that render affected river sections temporarily uninhabitable (Igwaran et al., 2024; Carrillo, 2023; Cubillos & Arráez, 2023). [10][16][17][20][30]",**,,,,,,
,"AND recurring pollution-driven habitat unsuitability from hypoxic and toxic events further constrains P. yepezi's effective area of occupancy, which is already below 2,000 km² within the restricted Maracaibo basin.","P. yepezi has a formally documented AOO below 2,000 km² (Mojica et al., 2012), and ongoing eutrophication and pollution-driven habitat quality decline are recognised as further constraining the species' already restricted effective occupancy within the Maracaibo basin (Lasso-Alcalá et al., 2025). [1][17][20][40]",***,,,,,,
11.1 Changes in physical & chemical regimes,"BECAUSE climate-driven warming and projected sea-level rise affect the Lake Maracaibo hydrographic basin, the sole range of P. yepezi;","Climate change and salinization are identified as threats to P. yepezi within its sole range — the Lake Maracaibo hydrographic basin (Lasso-Alcalá et al., 2025), a region confirmed to be experiencing anthropogenic warming (Swain et al., 2024) and projected intensification of climate-driven hydrological changes (Arregocés et al., 2025; López, 2025). [8][108][109][110]",**,,,,,,
,"AND regional warming is ongoing (~0.22°C/decade) with 1 m of sea-level rise projected over 90 years, compounding existing stresses during the species' documented population decline;","Regional warming of ~0.22°C/decade (1980–2015) with ~0.9°C further increase projected by 2041–2060 (López, 2025) is corroborated by a peer-reviewed attribution study showing 0.40–0.85°C anthropogenic warming across Venezuela (Swain et al., 2024); dry season rainfall is projected to decline 13–20% under SSP5-8.5 (Arregocés et al., 2025), and the IUCN assessment projects ~1 m sea-level rise over 90 years compounding salinization of P. yepezi habitats during its documented ≥60% population decline (Lasso-Alcalá et al., 2025). [1][108][109][110]",**,,,,,,
,"AND climate-driven warming in the Maracaibo basin intensifies thermal stratification and promotes Microcystis cyanobacteria bloom intensity in already eutrophied waters, causing ecosystem degradation;","Warming compoundingly promotes Microcystis dominance in eutrophic lakes via enhanced thermal stratification (Rigosi et al., 2014; Visser et al., 2016), and Lake Maracaibo's verdín blooms are specifically documented to be intensified by rising temperatures acting as a catalyst alongside nutrient pollution (Carrillo, 2023; Cubillos & Arráez, 2023). [10][16][111][112]",**,,,,,,
,"AND intensified cyanobacteria blooms cause hypoxic events through biomass decomposition and nocturnal respiration, degrading benthic habitats occupied by P. yepezi while warming simultaneously elevates fish oxygen demands;","Cyanobacterial blooms deplete dissolved oxygen and produce toxins harmful to fish (Igwaran et al., 2024), while warming simultaneously reduces oxygen solubility and elevates metabolic demand in tropical freshwater fish (Val & Wood, 2022), with a multi-species analysis confirming that warming and hypoxia act synergistically to reduce fish hypoxia tolerance — particularly in larger-bodied species (Verberk et al., 2022). [20][113][114][115]",**,,,,,,
,AND continuing hypoxic events and habitat quality decline in Maracaibo basin rivers contribute to ongoing population decline in P. yepezi.,"P. yepezi has undergone an inferred ≥60% population reduction with recurrent fish mortality events linked to water quality degradation in its river habitats (Lasso-Alcalá et al., 2025), consistent with documented oxygen-depleting fish kills from Microcystis blooms in Lake Maracaibo (Cubillos & Arráez, 2023) and projections that temperature elevation will be the most critical factor eliminating tropical freshwater fish species (Val & Wood, 2022). [1][10][113]",**,,,,,,
,"AND BECAUSE projected sea-level rise forces saline water further into the low-altitude freshwater river systems of the Maracaibo basin, increasing salinization of P. yepezi habitat;","The IUCN assessment explicitly projects 1 m of sea-level rise over 90 years pushing saline water into the low-altitude Maracaibo basin (Lasso-Alcalá et al., 2025); sea-level rise is documented as a climate mechanism causing seawater intrusion into coastal freshwater systems (Jeppesen et al., 2020), with climate change projected to increase freshwater salinization globally (Cañedo-Argüelles, 2020). [1][116][117]",***,,,,,,
,"AND freshwater salinization causes lethal and sublethal effects on obligate freshwater species, reducing the survival and reproductive success of P. yepezi;","Potamotrygonidae lack ureosmotic mechanisms and cannot survive salinities above ~20.6‰, with P. motoro (congeneric) showing simple ionic disruption rather than adaptive osmoregulation at 13‰ (Griffith et al., 1973; Tam et al., 2003); freshwater salinization broadly causes adverse fitness and survival effects in freshwater organisms (Cañedo-Argüelles, 2020), and sea-level-rise-driven salinization is acutely toxic to obligate freshwater species at concentrations as low as 0.38 ppt (McIver et al., 2023). [1][116][118][119][120]",***,,,,,,
,AND habitat contraction and fragmentation from salinization causes reduction in area of occupancy and contributes to continuing population decline in P. yepezi;,"Sea-level rise-driven salinization is projected to shrink and fragment P. yepezi's freshwater habitat, compounding an already documented ≥60% population reduction (Lasso-Alcalá et al., 2025); increasing salinity in inland waters causes drastic reductions in freshwater biodiversity and endangers endemic species (Jeppesen et al., 2020), isolated and fragmented habitats are the most challenging for small specialized freshwater fish (Arthington et al., 2016), and climate change more broadly threatens tropical freshwater fish through habitat loss and hydrological alteration (Val & Wood, 2022). [1][113][117][121]",***,,,,,,
,"ALTHOUGH existing severe pollution-driven stresses in the Maracaibo basin (chronic oil spills, organochlorine pesticides, agricultural eutrophication) are so dominant that climate change may represent an additional rather than independent primary threat to P. yepezi;","The IUCN assessment lists exploitation and pollution as primary threats to P. yepezi (Lasso-Alcalá et al., 2025); 53.8% of Lake Maracaibo sediment sites show 'very high contamination' from anthropogenic chemicals (Marín et al., 2021); and nutrients—not temperature—are the predominant driver of cyanobacterial biovolume in most systems (Rigosi et al., 2014; García et al., 2026), collectively indicating climate change is an additional rather than independent primary threat in this basin. [1][11][111][122]",**,,,,,,
,"HOWEVER, climate warming independently intensifies Microcystis bloom dynamics in eutrophic/hypertrophic systems through thermal stratification and rising CO2, producing a compounding effect beyond what nutrient loading alone drives.","In eutrophic/hypereutrophic systems, warming compounds Microcystis bloom dynamics beyond nutrient loading alone (Rigosi et al., 2014), and rising CO2 and warming independently intensify cyanobacterial blooms through thermal stratification and carbon influx with greatest effect in eutrophic/hypertrophic lakes (Visser et al., 2016; García et al., 2026). [111][112][122]",*,,,,,,